Trade_No;Direction;Entry_DateTime;Exit_DateTime;Duration_Min;Entry_GC;Entry_SI;Exit_GC;Exit_SI;Entry_ZScore;Exit_ZScore;Exit_Reason
1;LONG;2025-12-11 05:40:00;2025-12-11 05:47:00;7.0;4241.4;62.45;4240.7;62.375;-3.28;-1.68;TP_ZSCORE
2;LONG;2025-12-11 10:48:00;2025-12-11 10:52:00;4.0;4303.7;64.175;4308.2;64.37;-3.99;-1.89;TP_ZSCORE
3;LONG;2025-12-11 12:59:00;2025-12-11 13:03:00;4.0;4298.6;63.835;4297.6;63.88;-3.61;-1.54;TP_ZSCORE
4;LONG;2025-12-12 12:43:00;2025-12-12 12:45:00;2.0;4325.4;61.795;4326.4;61.83;-3.03;-1.86;TP_ZSCORE
5;SHORT;2025-12-14 23:31:00;2025-12-14 23:33:00;2.0;4367.1;63.005;4369.5;63.0;3.17;1.83;TP_ZSCORE
6;LONG;2025-12-15 14:22:00;2025-12-15 14:25:00;3.0;4332.4;63.835;4334.7;63.905;-3.26;-1.52;TP_ZSCORE
7;LONG;2025-12-15 19:00:00;2025-12-15 19:01:00;1.0;4332.5;63.64;4334.7;63.755;-3.42;-1.58;TP_ZSCORE
8;LONG;2025-12-15 19:06:00;2025-12-15 19:08:00;2.0;4328.8;63.445;4330.9;63.565;-3.13;-1.66;TP_ZSCORE
9;LONG;2025-12-15 20:53:00;2025-12-15 20:59:00;6.0;4324.4;63.33;4316.4;63.125;-3.09;-1.89;TP_ZSCORE
10;SHORT;2025-12-16 07:30:00;2025-12-16 07:34:00;4.0;4335.9;63.505;4337.0;63.47;3.02;1.32;TP_ZSCORE
11;SHORT;2025-12-16 17:30:00;2025-12-16 17:34:00;4.0;4334.9;63.835;4335.0;63.815;3.69;1.65;TP_ZSCORE
12;LONG;2025-12-16 23:01:00;2025-12-16 23:03:00;2.0;4358.3;66.045;4358.0;66.08;-3.6;-1.95;TP_ZSCORE
13;LONG;2025-12-17 06:18:00;2025-12-17 06:20:00;2.0;4350.9;66.14;4352.8;66.175;-3.07;-3.53;SL_ZSCORE
14;LONG;2025-12-17 20:17:00;2025-12-17 20:18:00;1.0;4366.5;66.435;4366.8;66.52;-3.02;-1.62;TP_ZSCORE
15;LONG;2025-12-18 08:31:00;2025-12-18 08:33:00;2.0;4370.4;66.24;4368.6;66.24;-3.68;-0.81;TP_ZSCORE
16;SHORT;2025-12-18 08:43:00;2025-12-18 08:46:00;3.0;4344.4;64.935;4344.0;64.925;3.17;1.84;TP_ZSCORE
17;LONG;2025-12-18 19:00:00;2025-12-18 19:03:00;3.0;4352.4;65.24;4350.3;65.065;-3.93;-3.91;SL_ZSCORE
18;SHORT;2025-12-18 23:35:00;2025-12-18 23:38:00;3.0;4353.8;65.78;4351.6;65.715;3.52;1.96;TP_ZSCORE
19;SHORT;2025-12-19 02:03:00;2025-12-19 02:04:00;1.0;4350.1;65.82;4350.1;65.775;3.21;1.42;TP_ZSCORE
20;SHORT;2025-12-19 03:45:00;2025-12-19 03:47:00;2.0;4361.0;66.215;4360.6;66.17;3.01;1.62;TP_ZSCORE
21;LONG;2025-12-23 09:01:00;2025-12-23 09:05:00;4.0;4473.5;69.185;4466.5;69.12;-3.29;-1.54;TP_ZSCORE
22;LONG;2025-12-24 02:03:00;2025-12-24 02:10:00;7.0;4509.3;71.9;4512.2;71.91;-3.27;-1.82;TP_ZSCORE
23;LONG;2025-12-26 09:31:00;2025-12-26 09:35:00;4.0;4568.2;75.81;4572.4;76.045;-3.28;-1.84;TP_ZSCORE
24;LONG;2025-12-28 19:36:00;2025-12-28 19:40:00;4.0;4525.7;76.86;4520.6;76.42;-3.43;-1.72;TP_ZSCORE
25;SHORT;2025-12-30 05:10:00;2025-12-30 05:12:00;2.0;4405.8;74.45;4402.4;74.35;3.01;1.78;TP_ZSCORE
26;LONG;2025-12-30 13:45:00;2025-12-30 13:50:00;5.0;4373.8;77.0;4364.4;76.515;-3.04;-1.89;TP_ZSCORE
27;LONG;2025-12-30 20:22:00;2025-12-30 20:26:00;4.0;4370.6;74.81;4373.7;74.86;-3.1;-1.86;TP_ZSCORE
28;LONG;2025-12-30 22:54:00;2025-12-30 23:01:00;7.0;4351.6;71.985;4343.2;71.56;-3.44;-1.96;TP_ZSCORE
29;SHORT;2025-12-31 10:45:00;2025-12-31 10:46:00;1.0;4333.3;71.09;4331.1;70.875;3.06;1.87;TP_ZSCORE
30;SHORT;2025-12-31 14:24:00;2025-12-31 14:32:00;8.0;4327.7;70.1;4336.2;70.635;3.03;1.01;TP_ZSCORE
31;LONG;2026-01-01 17:30:00;2026-01-01 17:33:00;3.0;4353.2;71.69;4353.4;71.825;-3.91;-1.89;TP_ZSCORE
32;LONG;2026-01-04 17:30:00;2026-01-04 17:31:00;1.0;4374.4;72.735;4373.2;72.72;-5.17;-3.52;SL_ZSCORE
33;SHORT;2026-01-05 10:53:00;2026-01-05 10:55:00;2.0;4465.0;77.745;4462.2;77.51;3.06;1.26;TP_ZSCORE
34;SHORT;2026-01-05 23:30:00;2026-01-05 23:36:00;6.0;4483.3;79.145;4481.6;79.11;3.68;1.64;TP_ZSCORE
35;SHORT;2026-01-06 03:15:00;2026-01-06 03:17:00;2.0;4462.7;77.805;4467.5;77.93;3.21;1.06;TP_ZSCORE
36;LONG;2026-01-06 13:15:00;2026-01-06 13:18:00;3.0;4491.7;80.3;4489.8;80.235;-3.01;-1.66;TP_ZSCORE
37;LONG;2026-01-06 19:08:00;2026-01-06 19:15:00;7.0;4486.7;80.615;4485.5;80.295;-3.24;-1.67;TP_ZSCORE
38;SHORT;2026-01-07 21:15:00;2026-01-07 21:19:00;4.0;4446.5;77.675;4449.4;77.85;3.09;1.39;TP_ZSCORE
39;LONG;2026-01-07 23:05:00;2026-01-07 23:08:00;3.0;4437.2;76.93;4436.5;76.94;-3.77;-1.74;TP_ZSCORE
40;LONG;2026-01-07 23:31:00;2026-01-07 23:32:00;1.0;4432.0;76.265;4428.1;76.135;-3.05;-1.46;TP_ZSCORE
41;LONG;2026-01-07 23:35:00;2026-01-07 23:42:00;7.0;4429.0;75.89;4427.6;75.515;-3.24;-1.58;TP_ZSCORE
42;SHORT;2026-01-08 20:05:00;2026-01-08 20:09:00;4.0;4483.0;77.01;4482.9;77.035;3.26;1.8;TP_ZSCORE
43;SHORT;2026-01-09 00:47:00;2026-01-09 00:50:00;3.0;4484.7;77.175;4484.0;77.085;3.31;1.76;TP_ZSCORE
44;LONG;2026-01-09 06:36:00;2026-01-09 06:37:00;1.0;4471.9;77.325;4472.7;77.44;-3.15;-1.93;TP_ZSCORE
45;LONG;2026-01-12 09:36:00;2026-01-12 09:40:00;4.0;4635.6;85.64;4632.9;85.505;-3.43;-1.41;TP_ZSCORE
46;LONG;2026-01-13 19:01:00;2026-01-13 19:05:00;4.0;4621.1;88.37;4620.0;88.4;-3.45;-0.97;TP_ZSCORE
47;LONG;2026-01-14 19:31:00;2026-01-14 19:36:00;5.0;4590.8;86.995;4598.3;88.075;-3.55;-1.48;TP_ZSCORE
48;LONG;2026-01-15 20:31:00;2026-01-15 20:38:00;7.0;4600.7;89.84;4595.9;89.42;-3.4;-1.73;TP_ZSCORE
49;LONG;2026-01-15 23:12:00;2026-01-15 23:14:00;2.0;4600.0;90.305;4599.8;90.375;-3.14;-1.33;TP_ZSCORE
50;SHORT;2026-01-16 08:31:00;2026-01-16 08:33:00;2.0;4604.8;88.73;4601.5;88.405;3.08;1.97;TP_ZSCORE
51;SHORT;2026-01-16 09:19:00;2026-01-16 09:20:00;1.0;4605.8;88.725;4614.9;89.02;3.31;0.46;TP_ZSCORE
52;SHORT;2026-01-16 09:24:00;2026-01-16 09:36:00;12.0;4592.4;88.04;4555.8;87.27;3.4;1.63;TP_ZSCORE
53;LONG;2026-01-16 15:18:00;2026-01-16 15:22:00;4.0;4600.7;89.62;4599.3;89.58;-3.46;-1.66;TP_ZSCORE
54;LONG;2026-01-18 17:30:00;2026-01-18 17:31:00;1.0;4686.2;93.695;4692.1;94.08;-4.99;-3.61;SL_ZSCORE
55;SHORT;2026-01-19 03:31:00;2026-01-19 03:32:00;1.0;4670.0;92.76;4672.1;92.8;3.2;1.73;TP_ZSCORE
56;LONG;2026-01-19 20:39:00;2026-01-19 20:41:00;2.0;4678.3;93.055;4677.9;93.055;-3.09;-1.95;TP_ZSCORE
57;SHORT;2026-01-20 14:32:00;2026-01-20 14:36:00;4.0;4759.8;94.135;4758.0;94.04;3.27;1.47;TP_ZSCORE
58;LONG;2026-01-21 08:12:00;2026-01-21 08:15:00;3.0;4845.8;93.985;4851.3;94.18;-3.2;-1.63;TP_ZSCORE
59;LONG;2026-01-21 09:19:00;2026-01-21 09:26:00;7.0;4833.0;93.02;4823.5;92.4;-3.21;-1.94;TP_ZSCORE
60;LONG;2026-01-21 11:03:00;2026-01-21 11:04:00;1.0;4821.5;92.845;4826.4;93.03;-3.24;-1.88;TP_ZSCORE
61;LONG;2026-01-21 13:27:00;2026-01-21 13:28:00;1.0;4820.1;92.595;4814.1;92.41;-4.32;-3.76;SL_ZSCORE
62;LONG;2026-01-21 17:59:00;2026-01-21 18:00:00;1.0;4779.6;90.83;4787.4;91.075;-3.17;-1.85;TP_ZSCORE
63;SHORT;2026-01-21 18:59:00;2026-01-21 19:00:00;1.0;4798.8;91.735;4787.5;91.325;3.27;1.17;TP_ZSCORE
64;SHORT;2026-01-22 08:32:00;2026-01-22 08:35:00;3.0;4842.7;94.095;4836.5;93.855;3.84;1.42;TP_ZSCORE
65;LONG;2026-01-22 09:00:00;2026-01-22 09:02:00;2.0;4830.7;93.52;4838.8;93.805;-3.43;-1.43;TP_ZSCORE
66;LONG;2026-01-22 17:47:00;2026-01-22 17:49:00;2.0;4956.0;96.75;4954.1;96.8;-3.7;-1.99;TP_ZSCORE
